Id,Label
344,344
1602,1602
1351,1351
333,333
1704,1704
242,242
460,460
639,639
1244,1244
1645,1645
743,743
936,936
981,981
151,151
1570,1570
1521,1521
1580,1580
791,791
1021,1021
1588,1588
1191,1191
1650,1650
1104,1104
1352,1352
1653,1653
1158,1158
506,506
816,816
1605,1605
1386,1386
362,362
715,715
930,930
1614,1614
1108,1108
481,481
1652,1652
156,156
1203,1203
206,206
1313,1313
1607,1607
1612,1612
235,235
592,592
1067,1067
1485,1485
1589,1589
347,347
551,551
862,862
1546,1546
52,52
225,225
1089,1089
1516,1516
1671,1671
1559,1559
1603,1603
451,451
668,668
1212,1212
1581,1581
630,630
1247,1247
1094,1094
1243,1243
1563,1563
872,872
947,947
1373,1373
203,203
490,490
643,643
1065,1065
1169,1169
1703,1703
1727,1727
164,164
672,672
977,977
1157,1157
1202,1202
238,238
378,378
544,544
1598,1598
1637,1637
319,319
747,747
1284,1284
1408,1408
1541,1541
53,53
258,258
313,313
741,741
1211,1211
1542,1542
1617,1617
1626,1626
669,669
693,693
736,736
1271,1271
1293,1293
1551,1551
1640,1640
386,386
588,588
811,811
1015,1015
1171,1171
1553,1553
1632,1632
228,228
243,243
745,745
831,831
1594,1594
1631,1631
377,377
409,409
818,818
1159,1159
1168,1168
1250,1250
1609,1609
142,142
209,209
595,595
603,603
649,649
948,948
1024,1024
1030,1030
1569,1569
1584,1584
1615,1615
314,314
707,707
733,733
758,758
1423,1423
1491,1491
1684,1684
1685,1685
63,63
201,201
214,214
310,310
563,563
1261,1261
1439,1439
1451,1451
1622,1622
415,415
497,497
537,537
1368,1368
1509,1509
1540,1540
183,183
237,237
659,659
1032,1032
1035,1035
1095,1095
1186,1186
1214,1214
1232,1232
1554,1554
1655,1655
383,383
533,533
535,535
593,593
609,609
634,634
746,746
845,845
891,891
971,971
985,985
1044,1044
1046,1046
1102,1102
1364,1364
1749,1749
9,9
122,122
269,269
303,303
324,324
438,438
456,456
478,478
857,857
941,941
978,978
1127,1127
1245,1245
1512,1512
1692,1692
76,76
163,163
353,353
510,510
597,597
964,964
1346,1346
1480,1480
1560,1560
1579,1579
1660,1660
368,368
464,464
657,657
950,950
968,968
1256,1256
1259,1259
1468,1468
1476,1476
1720,1720
11,11
40,40
208,208
279,279
435,435
512,512
560,560
666,666
790,790
825,825
917,917
922,922
926,926
986,986
989,989
1061,1061
1197,1197
1239,1239
1330,1330
1354,1354
1367,1367
1412,1412
1430,1430
1562,1562
1638,1638
222,222
288,288
485,485
547,547
753,753
946,946
959,959
988,988
1082,1082
1233,1233
1304,1304
1361,1361
1500,1500
1591,1591
1730,1730
79,79
154,154
162,162
226,226
256,256
308,308
423,423
477,477
568,568
788,788
888,888
980,980
996,996
1056,1056
1266,1266
1417,1417
1465,1465
1508,1508
1511,1511
1691,1691
1712,1712
601,601
635,635
650,650
673,673
686,686
850,850
944,944
1020,1020
1040,1040
1328,1328
1332,1332
1460,1460
57,57
306,306
709,709
773,773
840,840
855,855
995,995
1210,1210
1273,1273
1331,1331
1438,1438
1466,1466
1497,1497
1523,1523
1690,1690
61,61
97,97
190,190
217,217
273,273
450,450
646,646
654,654
698,698
931,931
943,943
992,992
1034,1034
1045,1045
1105,1105
1113,1113
1183,1183
1334,1334
1490,1490
1502,1502
1571,1571
1687,1687
1748,1748
17,17
95,95
104,104
176,176
232,232
321,321
522,522
543,543
583,583
621,621
806,806
1381,1381
1403,1403
1478,1478
1482,1482
1616,1616
1618,1618
62,62
109,109
219,219
356,356
373,373
598,598
645,645
918,918
970,970
1079,1079
1136,1136
1178,1178
1241,1241
1254,1254
1301,1301
1307,1307
1319,1319
1348,1348
1383,1383
1493,1493
1518,1518
1567,1567
1619,1619
1620,1620
1621,1621
1669,1669
1715,1715
46,46
141,141
236,236
257,257
408,408
442,442
482,482
571,571
739,739
897,897
954,954
984,984
1064,1064
1076,1076
1246,1246
1260,1260
1321,1321
1489,1489
1539,1539
1550,1550
1651,1651
1654,1654
119,119
149,149
275,275
312,312
349,349
385,385
397,397
459,459
468,468
589,589
624,624
691,691
716,716
754,754
821,821
869,869
890,890
909,909
925,925
940,940
960,960
994,994
1012,1012
1041,1041
1080,1080
1101,1101
1270,1270
1276,1276
1286,1286
1426,1426
1474,1474
1496,1496
1596,1596
1608,1608
1611,1611
1686,1686
1731,1731
68,68
99,99
105,105
155,155
189,189
286,286
363,363
381,381
393,393
398,398
470,470
491,491
515,515
542,542
676,676
706,706
755,755
757,757
805,805
836,836
861,861
920,920
927,927
966,966
983,983
1007,1007
1025,1025
1049,1049
1069,1069
1181,1181
1182,1182
1201,1201
1237,1237
1240,1240
1292,1292
1314,1314
1315,1315
1320,1320
1329,1329
1333,1333
1343,1343
1529,1529
1535,1535
1585,1585
1663,1663
31,31
182,182
218,218
248,248
251,251
266,266
294,294
358,358
364,364
365,365
396,396
412,412
413,413
424,424
426,426
428,428
439,439
466,466
585,585
612,612
651,651
663,663
667,667
696,696
708,708
723,723
730,730
802,802
812,812
822,822
874,874
938,938
956,956
973,973
1003,1003
1013,1013
1114,1114
1180,1180
1208,1208
1238,1238
1268,1268
1275,1275
1298,1298
1441,1441
1556,1556
1557,1557
1656,1656
1661,1661
1664,1664
1713,1713
45,45
66,66
77,77
80,80
136,136
147,147
174,174
180,180
181,181
227,227
301,301
302,302
340,340
370,370
404,404
427,427
446,446
448,448
488,488
493,493
565,565
579,579
610,610
632,632
687,687
712,712
721,721
740,740
804,804
877,877
903,903
906,906
951,951
972,972
975,975
1147,1147
1327,1327
1444,1444
1446,1446
1453,1453
1461,1461
1481,1481
1495,1495
1625,1625
1699,1699
1742,1742
2,2
6,6
85,85
234,234
252,252
274,274
277,277
289,289
328,328
342,342
395,395
400,400
429,429
430,430
457,457
508,508
561,561
619,619
641,641
652,652
682,682
684,684
777,777
829,829
834,834
875,875
997,997
1055,1055
1088,1088
1112,1112
1134,1134
1135,1135
1175,1175
1217,1217
1242,1242
1285,1285
1290,1290
1374,1374
1379,1379
1432,1432
1445,1445
1467,1467
1504,1504
1532,1532
1649,1649
1678,1678
1697,1697
1698,1698
1708,1708
1718,1718
1724,1724
24,24
48,48
103,103
106,106
166,166
224,224
249,249
291,291
372,372
387,387
390,390
443,443
469,469
499,499
534,534
548,548
580,580
596,596
608,608
614,614
618,618
688,688
697,697
766,766
826,826
866,866
870,870
912,912
974,974
1027,1027
1039,1039
1086,1086
1093,1093
1106,1106
1137,1137
1170,1170
1196,1196
1230,1230
1263,1263
1283,1283
1353,1353
1411,1411
1414,1414
1421,1421
1442,1442
1505,1505
1561,1561
1646,1646
1665,1665
1673,1673
1696,1696
1722,1722
1751,1751
16,16
38,38
74,74
113,113
160,160
213,213
215,215
221,221
239,239
267,267
281,281
304,304
326,326
405,405
414,414
489,489
500,500
517,517
518,518
520,520
570,570
577,577
581,581
587,587
628,628
648,648
670,670
722,722
744,744
779,779
792,792
796,796
859,859
863,863
935,935
937,937
939,939
965,965
969,969
987,987
1004,1004
1022,1022
1037,1037
1048,1048
1092,1092
1129,1129
1132,1132
1166,1166
1204,1204
1207,1207
1226,1226
1281,1281
1318,1318
1357,1357
1358,1358
1407,1407
1415,1415
1422,1422
1448,1448
1470,1470
1494,1494
1498,1498
1525,1525
1543,1543
1555,1555
1606,1606
1639,1639
1647,1647
1675,1675
1681,1681
1706,1706
1714,1714
1717,1717
26,26
47,47
55,55
101,101
110,110
146,146
165,165
175,175
177,177
191,191
195,195
211,211
255,255
264,264
271,271
298,298
339,339
357,357
401,401
403,403
407,407
453,453
483,483
502,502
532,532
536,536
584,584
617,617
625,625
626,626
653,653
660,660
680,680
681,681
699,699
713,713
714,714
717,717
718,718
735,735
750,750
795,795
833,833
837,837
838,838
867,867
868,868
896,896
904,904
979,979
1008,1008
1018,1018
1023,1023
1042,1042
1063,1063
1066,1066
1084,1084
1103,1103
1118,1118
1130,1130
1138,1138
1144,1144
1145,1145
1176,1176
1206,1206
1225,1225
1264,1264
1267,1267
1274,1274
1280,1280
1289,1289
1309,1309
1311,1311
1404,1404
1431,1431
1486,1486
1487,1487
1528,1528
1531,1531
1538,1538
1586,1586
1624,1624
1657,1657
1666,1666
1676,1676
1705,1705
1728,1728
1734,1734
1752,1752
5,5
12,12
18,18
19,19
27,27
54,54
59,59
75,75
87,87
91,91
118,118
128,128
157,157
204,204
223,223
231,231
244,244
247,247
276,276
280,280
292,292
299,299
307,307
332,332
350,350
351,351
352,352
360,360
369,369
376,376
389,389
411,411
417,417
418,418
419,419
422,422
440,440
476,476
498,498
521,521
524,524
526,526
550,550
566,566
576,576
590,590
594,594
642,642
644,644
655,655
674,674
675,675
695,695
764,764
772,772
774,774
793,793
814,814
815,815
843,843
876,876
895,895
908,908
934,934
957,957
1019,1019
1031,1031
1033,1033
1036,1036
1059,1059
1070,1070
1075,1075
1123,1123
1125,1125
1209,1209
1248,1248
1262,1262
1269,1269
1300,1300
1303,1303
1305,1305
1323,1323
1337,1337
1347,1347
1362,1362
1370,1370
1380,1380
1413,1413
1463,1463
1472,1472
1477,1477
1479,1479
1483,1483
1515,1515
1522,1522
1547,1547
1565,1565
1566,1566
1573,1573
1599,1599
1601,1601
1610,1610
1627,1627
1629,1629
1630,1630
4,4
8,8
20,20
22,22
25,25
50,50
60,60
65,65
71,71
82,82
83,83
98,98
132,132
135,135
137,137
158,158
194,194
207,207
212,212
216,216
272,272
287,287
295,295
300,300
316,316
325,325
330,330
335,335
338,338
341,341
366,366
375,375
380,380
416,416
444,444
479,479
495,495
496,496
503,503
545,545
554,554
555,555
564,564
615,615
620,620
629,629
636,636
656,656
658,658
664,664
678,678
679,679
685,685
692,692
700,700
701,701
720,720
725,725
728,728
732,732
769,769
771,771
775,775
780,780
799,799
810,810
817,817
832,832
839,839
842,842
852,852
865,865
883,883
884,884
901,901
902,902
921,921
933,933
955,955
982,982
993,993
1006,1006
1026,1026
1043,1043
1054,1054
1073,1073
1074,1074
1081,1081
1087,1087
1096,1096
1126,1126
1141,1141
1150,1150
1195,1195
1199,1199
1200,1200
1216,1216
1218,1218
1224,1224
1231,1231
1236,1236
1253,1253
1312,1312
1316,1316
1317,1317
1325,1325
1349,1349
1359,1359
1360,1360
1375,1375
1387,1387
1388,1388
1389,1389
1390,1390
1391,1391
1392,1392
1393,1393
1394,1394
1395,1395
1396,1396
1397,1397
1398,1398
1399,1399
1400,1400
1406,1406
1410,1410
1419,1419
1429,1429
1459,1459
1471,1471
1530,1530
1545,1545
1572,1572
1593,1593
1628,1628
1667,1667
1672,1672
1695,1695
1707,1707
1719,1719
1726,1726
1739,1739
10,10
13,13
14,14
21,21
29,29
30,30
33,33
34,34
35,35
39,39
42,42
58,58
67,67
69,69
78,78
88,88
90,90
96,96
114,114
123,123
124,124
134,134
148,148
152,152
153,153
168,168
184,184
188,188
192,192
220,220
229,229
230,230
241,241
245,245
250,250
253,253
265,265
282,282
283,283
290,290
318,318
323,323
327,327
329,329
334,334
337,337
343,343
348,348
354,354
361,361
371,371
391,391
392,392
394,394
425,425
445,445
449,449
452,452
458,458
461,461
463,463
474,474
492,492
494,494
507,507
511,511
514,514
519,519
530,530
546,546
556,556
567,567
578,578
591,591
611,611
627,627
633,633
637,637
640,640
665,665
683,683
726,726
731,731
742,742
748,748
749,749
752,752
762,762
767,767
770,770
776,776
781,781
786,786
787,787
798,798
801,801
809,809
820,820
830,830
848,848
854,854
860,860
873,873
885,885
886,886
892,892
894,894
911,911
914,914
916,916
952,952
953,953
958,958
963,963
976,976
991,991
1002,1002
1017,1017
1050,1050
1062,1062
1072,1072
1077,1077
1085,1085
1091,1091
1110,1110
1111,1111
1117,1117
1131,1131
1133,1133
1151,1151
1184,1184
1185,1185
1193,1193
1223,1223
1227,1227
1251,1251
1265,1265
1282,1282
1291,1291
1294,1294
1308,1308
1322,1322
1324,1324
1338,1338
1340,1340
1344,1344
1366,1366
1376,1376
1378,1378
1425,1425
1428,1428
1433,1433
1434,1434
1440,1440
1456,1456
1464,1464
1484,1484
1492,1492
1510,1510
1514,1514
1519,1519
1520,1520
1527,1527
1533,1533
1544,1544
1552,1552
1564,1564
1582,1582
1597,1597
1636,1636
1659,1659
1670,1670
1680,1680
1701,1701
1725,1725
1735,1735
1737,1737
1738,1738
1745,1745
